Project Title,Description,Source,Category1,Category2,Category3,Datasets Used,Other/Notes
Thinkster Math,"AI driven personalized math tutoring plstform. Using digital analytics, dedicated elite tutors, and patent-pending Active Replay Technology (ART), our tutors are able to visualize student thinking, allowing them to understand not only what mistakes studentâ€™s made, but why they made it thus accelerating their learning curves. ART also allows our tutors to play back student work and give feedback specific to the mistake they made. ",https://hellothinkster.com/about-us.html,Education,,,,
Jill Watson,"Using the Jill Watson AI framework, the social agent is intended ultimately to help support students from different walks of life adapt more quickly to rigorous course requirements and foster a community where students can build their own support structures.",https://ic.gatech.edu/news/631545/jill-watson-ai-pioneer-education-turns-4,Education,,,,
Nuance,Speech recognition software used by students and faculty; capable of transcribing up to 160 words per minute; especially helpful for students who struggle with writing or have accessibility needs,https://www.nuance.com/dragon/industry/education-solutions.html,Education,,,,
Cognii,"Leading provider of Artificial Intelligence based educational technologies. We work with organizations in the K-12, higher education, and corporate training markets to help them deliver 21st century online education with superior learning outcomes and cost efficiency. Cognii's multiple-award winning EdTech product is helping students around the world by enabling personalized deeper learning, intelligent tutoring, open response assessments, and pedagogically rich analytics.",https://www.cognii.com/,Education,,,,
KidSense,"AI educational solutions designed for children, including a voice-to-text tool with algorithms built to recognize the sometimes harder-to-translate speech of young learners",https://www.edsurge.com/news/2020-02-25-education-robot-maker-roybi-boosts-kids-speech-recognition-technology-with-acquisition,Education,,,,
Jasper.ai ," an Artificial intelligence tool using GPT-3 Technology, which makes it fast & easy to create content for your blog, social media, website, and more! Jasper can be integrated with Grammarly API to fix the Grammatical errors.",https://contenttechnologiesinc.com/,Education,,,,
Cram101 ,"an online service that uses artificial intelligence to read textbooks, summarize them and post highlights and key points of the material online. For example summarizing computer science textbooks in a way thatâ€™s useful to students",https://garethrees.org/2007/10/11/cram101/,Education,,,,
Gradescope ,"AI tool that enables students to assess each other while providing feedback. The tool relies on a combination of machine learning (ML) and AI to make it easier to grade, which saves time and energy. 
It can be used by the teacher to grade paper-based exams and online homework, as well as to prepare projects all in one place. By outsourcing these tasks, teachers can focus on the more important ones.",https://www.gradescope.com/,Education,,,,
Ivy.ai,"A set of chatbot AI tools that were specifically designed for universities and colleges. They assist in many parts of the university process, such as application forms, enrollment, tuition costs, deadlines, and more. The AI tool can provide much-needed information to students, such as important details on loans, scholarships, grants, tuition payments, and more. It can be applied across departments thanks to its ability to develop specialized chatbots for each one. ",https://ivy.ai/,Education,,,,
Knowji,"an audio-visual vocabulary application that leverages current educational research. Knowji is designed for language learners, and it uses various methods and concepts to help students learn faster. 
The AI education tool tracks each wordâ€™s progress and can predict when users are likely to forget. It achieves these abilities by using a spacing repetition algorithm, which enables students to learn better over time. ",https://www.knowji.com/,Education,,,,
Plaito,"a tool that acts as a coach giving prompts and suggestions to move students forward as they write, debate, and collaborate in exciting new ways. By leveraging AI, the tool brings the benefits of one-on-one tutoring, deep understanding, confidence, clarity, and empowerment to all students.",https://www.plaito.ai/,Education,,,,
Querium,"AI platform that helps students master critical STEM skills while preparing them for college and careers. The platform relies on personalized lessons and step-by-step tutoring assistance. The AI virtual tutor has been shown to improve the speed, quality, and analysis of student learning while improving student outcomes. 
It's also useful for teachers. It analyzes answers and the length of time it took to complete tutoring lessons, which helps instructors gain insight into studentsâ€™ learning habits and areas of improvement",https://querium.com/,Education,,,,
Century Tech,"AI platform that utilizes cognitive neuroscience and data analytics to construct personalized learning plans for students. In turn, these personalized plans reduce work for instructors, freeing them up to focus on other areas. 
The AI platform also tracks student progress while pointing out knowledge gaps in the learning. It then provides personal study recommendations and feedback for each user. As for teachers, Century helps them access new resources that reduce the time needed for monotonous tasks like planning and grading.",https://www.century.tech/,Education,,,,
Carnegie Learning,"an innovative education technology and curriculum solutions provider, relies on AI and machine learning in its learning platforms for high school and college-level students. These platforms offer many unique solutions for the areas of math, literacy, or world languages. ",https://www.carnegielearning.com/,Education,,,,
Knewton Alta,"It is a complete courseware solution that combines adaptive learning technology with openly available content, which helps develop a personalized learning experience for each student. 
Each product provides all of the instructional content needed for a course, including text, video, examples, and assessments. It is also available in multiple courses, including those within the fields of statistics, math, economics, and chemistry. ",https://www.knewton.com/,Education,,,,
Eklavvya,"web-based AI-powered proctoring system that monitors students taking exams online and flags them if they cheat. When students take tests online using this AI proctoring tool, the software examines their expressions and behavior to determine their performance. With this platform, students are required to use their webcams as an exam requirement. During the exam launch, the candidateâ€™s front-facing camera must be active. Combining AI proctoring with human proctoring may make online assessments even more rigorous. AI proctoring allows online tests to be taken without worrying about cheating.",https://www.eklavvya.com/online-exam-remote-proctoring/,Education,,,,
Smart Sparrow,A smart online school that employs machine learning to tailor lessons to each student and provide a constant evaluation. Web-based software package for creating and distributing adaptive learning content and apps and analyzing studentsâ€™ reactions. For students to study at their speed and to their greatest capacity.,https://www.smartsparrow.com/,Education,,,,
Dreambox,"offers nearly 2,000 lessons for pre-K through eighth-grade kids through animated adventures, games, and challenges. Using AI, itâ€™s a flexible platform for teaching arithmetic to students in grades K-8. DreamBox employs AI to tailor math instruction to each student, adjusting course difficulty and giving instant feedback to foster growth.",https://www.dreambox.com/,Education,,,,
Woot Math,"an online platform that provides a wide variety of engaging, interactive tools and materials for pupils. The platform uses many visual aids and interactive features to make learning mathematics more interesting and fun for its users. The platform adaptive learning system stands out because it leverages artificial intelligence to customize the learning experience for each learner. The system can pinpoint studentsâ€™ weak spots and provide the appropriate materials and feedback to help them flourish.",https://www.wootmath.com/,Education,,,,
Booke ai,"Book AI is a tool that automates bookkeeping and accounting tasks such as fixing uncategorized transactions and auto-categorizing them, with an 80% faster transaction categorization rate. It includes an AI assistant that provides expert reconciliation suggestions and improves client communication and collaboration through two-way integrations with Xero, QBO, and QBD. The tool also features an invoice and receipt OCR to extract data in real-time, and a book chrome extension for reconciling and categorizing transactions in bulk. It has audit insights for getting discrepancy insights directly from QuickBooks or Xero.",https://booke.ai/,Finance,,,,
ChainGPT,"Chaingpt is an advanced AI model designed to assist individuals and businesses with everything related to cryptocurrency and blockchain technology, including blockchain analytics, AI trade, smart-contract development, AI audit, risk management, and crypto news source. The platform offers unlimit solutions and use cases, with access through a stake or pay-per-request system. Chaingpt provides an AI model designed explicitly for blockchain and is not limited to internet connections like Chatgpt. The platform offers a proprietary token, $CGPT, for access to the AI model and ecosystem. Stake and farm options are also available for token holders.",https://www.chaingpt.org/,Finance,,,,
Paymefi ,Paymefi is a debt collection tool that helps recover money faster and at a lower cost. It offers a one-click payment solution to facilitate debt collection and decrease recovery time by up to 2 months. The tool automates the creation of smart notification sequences to reach customers via different online channels and make payments. It also offers customizable payment links and allows for partial payments with defined interest rates. The tool works with multiple channels and integrates with ERPs and CRMs for efficient debt collection.,https://www.paymefy.com,Finance,,,,
Flyfin,Flyfin is an AI-powered tax service designed for freelancers and self-employed individuals. It uses AI to find every possible tax deduction and eliminate 95% of the work involved. Expert tax CPAs ensure 100% accurate tax filing. The app simplifies tax filing and helps users file their taxes online in just 5 minutes with audit insurance.,https://flyfin.tax/,Finance,Taxes,,,
Torto.ai,"Torto.ai is atool for stock market research and portfolio management. It offers personalized portfolio optimization, unbiased investment recommendations, and alerts for new investment opportunities and risk mitigation. Users can search for assets and use Torto's user-friendly interface to find the best opportunities. The tool also provides insights into portfolio performance and risk factors. ",https://torto.ai/welcome/,Finance,Investment,,,
Soon,"Soon is an automated cryptocurrency investing tool that uses dollar-cost averaging and diversification to provide a responsible investment approach. With flexible investment options starting from $300/month, users can potentially earn a return based on historical user data, although future performance is not guaranteed. Soon automates all aspects of investing, including portfolio management, transfers, and taxes. It also provides a secure and ethical investment experience and shields users from the negative side of short-term volatility while taking advantage of potential gains",https://www.soon.app/,Finance,Investment,,,
Receipt Cat,"Receipt Cat is an Intelligent receipt scanner, organization, and reporting tool. It helps small businesses and independent developers turn receipts into data with auto-capture AI and OCR for expense reports, tax prep, and more. With an advanced OCR scanner, it can automatically capture key information such as merchant name, tax, total, and date, and turn receipt data into expense reports, tax preparation, and more. The tool offers drag-and-drop features for easy receipt organization and search, along with a report dashboard that provides an overview of business expenses and income. Receipt Cat also allows users to create custom categories, export data and receipts, and meet legal record-keeping requirements.",https://www.receiptcat.com/,Finance,,,,
Ellisense ,"Ellisense is an AI tool for market sentiment analysis that provides real-time sentiment for various assets including currency, crypto, and stocks. It analyzes thousands of data points from various sources, including social media and news outlets, to give clear market insights. The tool also features advanced charting and historical sentiment spotting for better understanding of the market. Ellisense partners with top financial institutions and exchange platforms to provide super accurate sentiment analysis.",https://ellisense.com/,Finance,Investment,Cryptocurrency,,
Advanti AI,Advanti AI is a self-learning tool that helps monitor suspicious wallets and notify users of contract changes in the crypto space. It aims to educate users and help them make informed decisions to protect their investments. The tool can easily recognize and detect crypto scams and is suitable for both beginners and seasoned investors. ,https://www.advantis.ai/,Finance,Investment,Cryptocurrency,,
Dark Pools,"Dark Pool is a platform for industries such as finance, government, retail, and telecommunications. It offers real-time software for financial crime detection and anomalous behavior detection. Its ML architecture provides data mapping, machine learning, data analytics, and data visualization capabilities. It can be customized for specific business ontologies and service use cases. Dark Pool also offers flexible architecture and scalability options, and is suitable for organizations looking to increase revenues, optimize operations, and personalize customer experiences.",https://www.darkpools.ai/,Finance,Retail,,,
Dipsway,"Dipsway is an AI-driven crypto trading bot that utilizes backtesting algorithms and neural networks to adapt to the current market. It's suitable for anyone interested in crypto trading, regardless of their skill level. The tool offers a feature-rich dashboard and a blog section where users can learn how to use the platform. Dipsway assures 100% safety, and users can connect to their exchange accounts using a secure API without allowing access to their funds",https://dipsway.com/,Finance,Investment,Cryptocurrency,,
Notreload,"Notreload is an AI-powered web service that helps users monitor public web content for investment and trade purposes. It uses NLP technology to uncover relevant data points within millions of posts and delivers short-form stories consisting of stock move content. Users can track anything and receive alerts anywhere without worrying about their data privacy, as Notreload does not store any data or require any personal information. Notreload is intended for informational purposes only and does not provide investment advice or guarantee the accuracy of its data.",https://notreload.com/,Finance,Investment,,,
Truewind,"Truewind is an AI-powered bookkeeping and finance tool for startups, aimed at reducing errors and increasing transparency for faster month-end closings. The tool provides a reliable and accurate bookkeeping and financial model with a concierge-style service. Truewind also offers support from a team of financial experts to provide a world-class experience for startups.",https://www.truewind.ai/,Finance,,,,
Evolia Protocol,"Evolia Protocol uses artificial intelligence algorithms to analyze social media news sentiment towards cryptocurrencies. The tool provides user insight and predicts future performance of specific cryptocurrencies, as well as offering valuable insights for determining cryptocurrency worth, managing portfolios, and monitoring market data. The tool also provides real-time news and trade signals. The platform uses advanced AI technology to process vast amounts of data and provide action insight for both novice and experienced investors.",https://www.evoliaprotocol.net/,Finance,Cryptocurrency,,,
ZeroTax.ai,"ZeroTax.ai is a tool that provides tax assistance through a chatbot or call-in line. It uses advanced artificial intelligence to provide fast and accurate answers to tax-related questions. The service is easy and convenient to use, with expert advice available anytime and anywhere.",https://zerotax.ai/,Finance,Tax,,,
 Chaplin,"a tool that simplifies the trading process by allowing users to build indicators, backtest strategies, and launch sophisticated trading bots without writing a single line of code. Chaplin is specifically built for traders who are non-coders and are unable to take full advantage of the AI",https://chaplin.app/,Finance,Investment,,,
AlphaResearch ,"AlphaResearch helps investors extract information from unstructured texts, filings, earnings call transcripts, and much more to help with investing decisions and analysis of stocks and companies financial information and more",https://alpharesearch.io/,Finance,Investment,,,
Finalle,"Real-time Financial Intelligence,Automatically analyze real-time financial intelligence from different sources like twitter, reddit, news and blog posts to understand the market and gain market insights about your investments.",https://finalle.ai/,Finance,Investment,,,
Avanzai,"Avanzai is an AI tool for accelerating financial data analysis using natural language input. It generates Python code based on user prompts and allows for easy manipulation and editing of the code. The tool leverages common Python packages for financial analysis such as pandas and numpy. It can pull and analyze data for various financial instruments and sectors, including equities, FX, and indexes. Overall, Avanzai serves as a fast and efficient resource for enhancing investment decision-making.",https://avanz.ai/,Finance,,,,
AI.D,AI.D is a chronic pain management tracker. A user will input their weekly schedule with the corresponding levels of pain they feel per day. The model will train off of this personal information and learn to predict when their schedule will cause them more pain. This prediction will alert the user and the user can adjust their schedule to minimize their pain.,AI4GoodLab,Healthcare,Mental Health,,,
AI4AI,"A novel app that predicts autoimmune disease flare-ups using stress, weather, and exercise data. This app gives millions of people with autoimmune diseases the opportunity to prevent flare-ups, understand their triggers, and feel empowered to take control of their disease.",AI4GoodLab,Healthcare,Mental Health,,,
articulaite,"A machine learning tool to diagnose a patientâ€™s underlying cause of dysarthria by classifying audio input as being indicative of Parkinsonâ€™s disease, ALS, or Cerebral Palsy.",AI4GoodLab,Healthcare,Mental Health,,,
Bean There,"BeanBot provides users with personalized mental health service recommendations. The team created a Chatbot that helps students navigate the mental health landscape at their university, matches user profiles to appropriate resources with their goals and past user outcomes in mind.",AI4GoodLab,Healthcare,Mental Health,,,
dose.io,"dose.io is a platform that allows users to gauge their risk of addiction and drug-related harms, helping minimize the potential for adverse health outcomes through education and user empowerment.",AI4GoodLab,Healthcare,Mental Health,,,
Epi Health,"EpiHealth is a seizure prediction and detection app that uses AI and biometric data from wearable wrist devices, to give people with epilepsy autonomy over their condition.",AI4GoodLab,Healthcare,Mental Health,,,
happy path,"Happy Path merges your everyday mental wellness apps with social media to bring you a more positive Instagram experience, complete with access to mental health resources, an emotion tracker, and a â€œyour-feed-but-betterâ€ feature, where we use AI to conduct image sentiment analysis in order to identify potentially negative images in your Instagram feed and replace them with personalized positive ones.",AI4GoodLab,Healthcare,Mental Health,,,
HeAIthics,"HeAIthics develops machine learning techniques on large skin image datasets for skin condition classification, to highlight and address racial bias in health data and existing AI models.",AI4GoodLab,Healthcare,Medical Testing And Diagnosis,,,
Her AI,Prediction of cervical cancer risk score and classification of cervix shapes based on images to personalize cervical cancer treatment.,AI4GoodLab,Healthcare,,,,
Mood Ring,"A mood journal app to help detect & track emotions, and identify if mental health illness symptoms are present from User text. Providing user with resources for detected symptoms.",AI4GoodLab,Healthcare,Mental Health,,,
Tyro,Tyro helps you track and predict your hormone levels without having to wait for your next blood test.,AI4GoodLab,Healthcare,,,,
Arterys,"Arterys creates products for precision medicine. Its medical imaging AI platform can be used for detecting breast cancer, analyzing cardiac MRI images, reading emergency department X-rays, tracking lung nodules, diagnosing brain tumors and detecting strokes.",https://www.arterys.com/,Healthcare,Medical Testing And Diagnosis,,,
CloudMedX,An online platform storing a variety of user medical data in order to predict adverse effects.,https://cloudmedxhealth.com/,Healthcare,,,,
Corti,Voice-based AI that transcribes and codes information of a patient's symptoms,https://www.corti.ai/,Healthcare,,,,
Oncora,"Online platform to store patient data, provide visual analytics, generate patient documentation and track clinical quality metrics.",https://www.oncora.ai/,Healthcare,,,,
Owkin,Data platform that suggests novel targets and therapies given patient health data.,https://owkin.com/,Healthcare,,,,
Caption Health,Caption Health combines AI and ultrasound technology for early disease identification. AI guides providers through the ultrasound process in real time to produce diagnostic-quality images that the software then helps to interpret and assess.,https://captionhealth.com/,Healthcare,,,,
Cleerly,"Cleerly makes AI technology to improve cardiovascular care. The companyâ€™s AI-enabled digital care platform measures and analyzes atherosclerosis, which is a buildup of plaque in the heartâ€™s arteries. The technology is able to determine an individualâ€™s risk of having a heart attack and recommend a personalized treatment plan.",https://cleerlyhealth.com/,Healthcare,,,,
aidoc,Platform providing diagnoses from medical imaging and enrollment in clinical trials.,https://www.aidoc.com/,Healthcare,,,,
FarmBeats,FarmBeats,https://www.microsoft.com/en-us/research/project/farmbeats-iot-agriculture/,Agriculture,,,,
Twenty20 solutions,Twenty20 solutions,https://www.twenty20solutions.com/farm-and-ranch,Agriculture,,,,
Implementation of artificial intelligence in agriculture for optimisation of irrigation and application of pesticides and herbicides,Implementation of artificial intelligence in agriculture for optimisation of irrigation and application of pesticides and herbicides,https://www.sciencedirect.com/science/article/pii/S258972172030012X,Agriculture,,,,
Drones for agriculture,Drones for agriculture,https://www.fao.org/family-farming/detail/en/c/1200079/,Agriculture,,,,
Airborne hyperspectral imaging of cover crops through radiative transfer process-guided machine learning,Airborne hyperspectral imaging of cover crops through radiative transfer process-guided machine learning,https://www.sciencedirect.com/science/article/abs/pii/S0034425722004928?via%3Dihub,Agriculture,,,,
The Use of Autonomous Robots to Address Labor Demands and Improve Efficacy in Agriculture,The Use of Autonomous Robots to Address Labor Demands and Improve Efficacy in Agriculture,https://crimsonpublishers.com/cojra/pdf/COJRA.000523.pdf,Agriculture,,,,
WayFAST,WayFAST,https://ieeexplore.ieee.org/document/9839522,Agriculture,,,,
CropFollow,CropFollow,https://arxiv.org/abs/2107.02792,Agriculture,,,,
Using soil library hyperspectral reflectance and machine learning to predict soil organic carbon: Assessing potential of airborne and spaceborne optical soil sensing,Using soil library hyperspectral reflectance and machine learning to predict soil organic carbon: Assessing potential of airborne and spaceborne optical soil sensing,https://www.sciencedirect.com/science/article/abs/pii/S0034425722000281?via%3Dihub,Agriculture,,,,
Multi-Task Learning for Budbreak Prediction,Multi-Task Learning for Budbreak Prediction,https://arxiv.org/abs/2301.01815,Agriculture,,,,
Grape Cold Hardiness Prediction via Multi-Task Learning,Grape Cold Hardiness Prediction via Multi-Task Learning,https://arxiv.org/abs/2209.10585,Agriculture,,,,
"An autonomous robot for pruning modern, planar fruit trees","An autonomous robot for pruning modern, planar fruit trees",https://arxiv.org/abs/2206.07201,Agriculture,,,,
Estimation of proper shaking parameters for pistachio trees based on their trunk size,Estimation of proper shaking parameters for pistachio trees based on their trunk size,https://www.sciencedirect.com/science/article/abs/pii/S1537511022000411,Agriculture,,,,
Cropin Grow (SmartFarm Plus),Cropin Grow (SmartFarm Plus),https://www.cropin.com/intelligent-agriculture-cloud/cropin-apps/farm-management-solution?hsCtaTracking=cc284335-9023-4e59-bec0-e2bc8b23cc7c%7Cfa30d11d-84f1-44f1-a103-05b25d5fe95e,Agriculture,,,,
Cropin Connect (AcreSquare),Cropin Connect (AcreSquare),https://www.cropin.com/intelligent-agriculture-cloud/cropin-apps/farmer-engagement-solution?hsCtaTracking=de5744dd-4d70-477f-879c-92cdfc23aeb0%7C5c20b0e8-6e73-421d-b79e-ad26a1ec9112,Agriculture,,,,
Cropin Trace (RootTrace),Cropin Trace (RootTrace),https://www.cropin.com/intelligent-agriculture-cloud/cropin-apps/seed-to-shelf-traceability-solution?hsCtaTracking=fd6d7b23-fc6c-498d-a3ce-5bbbcd523e59%7C3de01dcc-124c-4b49-aa4e-a69080efa00a,Agriculture,,,,
AgriBolo - Agriculture App,AgriBolo - Agriculture App,https://play.google.com/store/apps/details?id=com.agribolo&hl=en_IN&gl=US&pli=1,Agriculture,,,,
See & Spray,See & Spray,https://bluerivertechnology.com/our-products/,Agriculture,,,,
Trustworthy Vehicle Localization with Deep Learning,"How to Achieve Trust with Deep Learning for Vehicle Localization? 
Deep Learning is a powerful tool for perception and localization for autonomous vehicles. At the same time, deep learning programs are often black boxes, with complex networks that lead to opaque methods of decision making which may fail unexpectedly. We aim to provide trustworthiness and robustness alongside deep learning approaches, by training the deep learning network to learn the sensing uncertainties and by utilizing deep learning as an additional sensor processing tool. Furthermore, by integrating deep learning with model-driven approaches, we use the learned sensing uncertainty to better quantify pose estimation uncertainty and provide protection levels for guaranteed safe navigation.",NAV Lab Stanford,Autonomous Vehicle ,,,,
Code Design Using Machine Learning for Future Satellite Navigation,"Can We Rethink the Design of Satellite Navigation Codes with the Recent Advances in Machine Learning? 
On January 14, 2020, the first GPS III satellite was marked healthy and available for use, thereby marking the birth of the next-generation GPS constellation. In addition to broadcasting the new L1C signal, the modernized constellation is distinguished by its reprogrammable payload, which allows it to evolve with new technologies. Furthermore, the NTS-3 satellite signal testing platform is planned to be launched in 2022 and will explore new technologies for the future GPS constellations. Additionally, in a 2016 Request for Information, the AFRL has expressed interest in exploring modifications to all layers of the GPS signals. We are indeed entering a new era of satellite navigation. However, the legacy GPS codes are based on linear shift feedback registers, which were designed decades ago before personal computers. It is time to revisit the design methods of the GPS spreading code families. Powered by recent advances in machine learning, we explore new platforms for learning high-quality spreading signal families via genetic algorithms as well as a Natural Evolution Strategy machine learning framework.",NAV Lab Stanford,Autonomous Vehicle ,,,,
"Positioning, Navigation and Timing for Space Robotics","Can We Set up a GPS-like System for the Moon? 
We are entering a new era of Moon exploration. There are more than forty missions planned within the next decade by ten space agencies, not even counting the efforts of private sector companies like SpaceX and Blue Origin. After more than fifty years since the Apollo program, NASA's Artemis mission will land humans on the Moon including the first woman and first person of color. Exploring the Moon also serves as a crucial stepping-stone for the success of future deep space missions. 

With the increase in human and robotic exploration, we must provide Position, Navigation and Timing (PNT) services anywhere on the Moon. Current vision-based methods work poorly in the Moon's polar regions and not at all in the darkness of its night and permanently shadowed craters. We must also enable wireless network communication (e.g. cellular or Wi-Fi) on the Moon to support interactions among a large number of assets on the Moon.

On Earth, the Global Positioning System (GPS) provides not only positioning and navigation, but also timing and synchronization for cellular communications. Can we set up a GPS-like system for the Moon at much lower cost? In this way, we can achieve better PNT services, as well as wireless network communication on the Moon, like what we currently have on Earth.

We are creating technologies for a ""Moon-GPS"", a lunar satellite navigation system with smaller satellites, perhaps as small as a shoe box, compared to existing Earth-GPS satellites which are as large as a truck. The lunar navigation satellites can function with clocks that are a thousand times cheaper than the atomic clocks on today's GPS satellites. The key idea is that the lunar satellite navigation system will listen to signals already broadcast by the Earth-GPS and process those signals to perform timing and ephemeris corrections. ",NAV Lab Stanford,Autonomous Vehicle ,,,,
High Integrity Sensor Fusion,"How to Intelligently Fuse Sensing Information to Achieve High Integrity? 
To ensure safe and reliable positioning of autonomous systems, it is critical to address not only positioning accuracy, but also its associated confidence, defined as integrity.  Indeed, claiming a 5-meter accuracy for an autonomous navigation system is not meaningful unless it is associated with a certain integrity level, such as a 95% confidence interval.  With a variety of sensors available to autonomous vehicles, such as GPS, LiDAR, camera and inertial sensors, can we really say â€œthe more the merrierâ€?  In fact, including more sensing information can introduce more sensing failures.  It can also increase the required computation time, which is a precious commodity in real-time autonomous navigation applications.  We aim to intelligently fuse sensing information in order to achieve high integrity and quantified confidence for autonomous navigation.",NAV Lab Stanford,Autonomous Vehicle ,,,,
Verifiable Perception and Navigation,"How to Safely Plan the Vehicle Paths with Sensing Uncertainty? 
Autonomous vehicles often operate in complex environments with various sensing uncertainties. For example, GPS signals can be blocked or reflected by buildings. Additionally, camera sensor measurements are susceptible to lighting conditions and yield poor vision performance in environments which lack distinguishing features. We aim to provide safe vehicle path-planning against sensing errors and uncertainties. We not only monitor sensing uncertainties, but also predict the characteristics of these uncertainties based on vehicle dynamics as well as environmental information, such as 3D maps. We apply formal methods, such as stochastic reachability to provide provable navigation safety guarantees.",NAV Lab Stanford,Autonomous Vehicle ,,,,
Multi-Robot Collaborative Localization,"Can We Take Advantage of Connected and Collaborative Vehicles for Safety? 
The increasing number of autonomous systems, such as self-driving cars and UAVs, opens avenues for cooperation among robots through collaborative sensing and communication opportunities. We aim to leverage the abundant sensing information exchange among cooperating vehicles to improve localization robustness and safety.   For example, a UAV flying above tall buildings will have open sky views with ideal GPS signal reception.  Such a UAV can serve as a pseudo GPS satellite to relay the healthy GPS signals to vehicles near the ground with poor GPS reception and erroneous signal measurements.  We use graph theory and distributed algorithms to achieve more robust and attack-resilient localization solutions.",NAV Lab Stanford,Autonomous Vehicle ,,,,
Fast Depth Completion on the CPU,"With the rise of data driven deep neural networks as a realization of universal function approximators, most research on computer vision problems has moved away from hand crafted classical image processing algorithms. This paper shows that with a well designed algorithm, we are capable of outperforming neural network based methods on the task of depth completion. The proposed algorithm is simple and fast, runs on the CPU, and relies only on basic image processing operations to perform depth completion of sparse LIDAR depth data. We evaluate our algorithm on the challenging KITTI depth completion benchmark, and at the time of submission, our method ranks first on the KITTI test server among all published methods. Furthermore, our algorithm is data independent, requiring no training data to perform the task at hand. The code written in Python.",WAVE Lab Waterloo,Autonomous Vehicle ,,,,
Real-Time 3D Object Detection,"We present AVOD, an Aggregate View Object Detection network for autonomous driving scenarios. The proposed neural network architecture uses LIDAR point clouds and RGB images to generate features that are shared by two subnetworks: a region proposal network (RPN) and a second stage detector network. The proposed RPN uses a novel architecture capable of performing multimodal feature fusion on high-resolution feature maps to generate reliable 3D object proposals for multiple object classes in road scenes. Using these proposals, the second stage detection network performs accurate oriented 3D bounding box regression and category classification to predict the extents, orientation, and classification of objects in 3D space. Our proposed architecture is shown to produce state of the art results on the KITTI 3D object detection benchmark [1] while running in real-time with a low memory footprint, making it a suitable candidate for deployment on autonomous vehicles.",WAVE Lab Waterloo,Autonomous Vehicle ,,,,
Laser SLAM,"Laser SLAM is package which allows high fidelity 3D map construction using laser scanners and additional vehicle odometry information.  We initially used it for the NASA Sample Return Robot Challange, as a SLAM solution which was able to localize the vehicle to within 10cm accuracy in large, unstructured environments.
We have also used the package to build off-line maps for planetary exploration.
Most recently, the Laser SLAM package has been used to construct high fidelity maps used for vehicle localization of our self driving car.",WAVE Lab Waterloo,Autonomous Vehicle ,,,,
Real-Time Filtering of Snow from Lidar Point Clouds,"A common problem in autonomous driving is designing a system that can operate in adverse weather conditions. Falling rain and snow tends to corrupt sensor measurements, particularly for lidar sensors. Surprisingly, very little research has been published on methods to de-noise point clouds which are collected by lidar in rainy or snowy weather conditions. In this project, we present a method for removing snow noise by processing point clouds using a 3D outlier detection algorithm. Our method accounts for the variation in point cloud density with increasing distance from the sensor, with the goal of removing the noise caused by snow while retaining detail in environmental features (which is necessary for autonomous localisation and navigation).

The proposed method outperforms other noise-removal methods, including methods which operate on depth image representations of the lidar scans. We show on point clouds obtained while driving in falling snow that we can simultaneously obtain >90 precision and recall, indicating that the proposed method is effective at removing snow, without removing environmental features.

Mapping Results

The following video illustrates how snow in Lidar data can severely corrupt a mapping process. In this video, we implement a full offline SLAM solution using GPS/INS and Lidar scans from a Velodyne VLP-32 driving through a snowfall event. We build a map with the snowy data (top) and then rebuild the map with the same dataset after removing the snow on a scan-by-scan basis (bottom).",WAVE Lab Waterloo,Autonomous Vehicle ,,,,
Traffic Light and Sign Detection,"Traffic light and sign detectors on autonomous cars are integral for road scene perception. The literature is abundant with deep learning networks that detect either lights or signs, not both, which makes them unsuitable for real-life deployment due to the limited graphics processing unit (GPU) memory and power available on embedded systems. The root cause of this issue is that no public dataset contains both traffic light and sign labels, which leads to difficulties in developing a joint detection framework. We present a deep hierarchical architecture in conjunction with a mini-batch proposal selection mechanism that allows a network to detect both traffic lights and signs from training on separate traffic light and sign datasets. Our method solves the overlapping issue where instances from one dataset are not labelled in the other dataset. We are the first to present a network that performs joint detection on traffic lights and signs. We measure our network on the Tsinghua-Tencent 100K benchmark for traffic sign detection and the Bosch Small Traffic Lights benchmark for traffic light detection and show it outperforms the existing Bosch Small Traffic light state-of-the-art method. We focus on autonomous car deployment and show our network is more suitable than others because of its low memory footprint and real-time image processing time.",WAVE Lab Waterloo,Autonomous Vehicle ,,,,
Towards Autonomous Driving at the Limit of Friction,"Controller Description
The vehicle controller consists of four sections: speed proler, lateral controller, longitudinal
controller, and a traction control, shown in figure below.
The speed proler calculates desired velocities based on the path characteristics a certain distance ahead.
The lateral controller uses a full state feedback scheme to reduce the vehicleâ€™s heading error and lateral
error. The concept of Centre of Percussion (COP) is used as reference point to introduce
some stability when tires are slipping. The longitudinal controller monitors the lateral
force required, and uses the spare forces to maximize longitudinal performance. On most
vehicles, a traction controller is a standard equipment; it monitors differences in the wheelsâ€™
spins to predict slip, and distribute longitudinal power to counter/minimize the slippage.
Many methods can be used to generate a speed prole for the vehicle. For racing
purposes, the desires paths are generated oine to optimize vehicle performance. Similar
characteristics can be achieved with a sophisticated path planning algorithm. For realtime
path planners, a spline method can be used to calculate the desired velocity.",WAVE Lab Waterloo,Autonomous Vehicle ,,,,
Lane Marking Detection for Autonomous Driving,"The detection of lane boundary markings is central to the task of autonomous driving. While the detection of high-quality markings is relatively trivial, the detection of faded and degraded lane markings is a much more challenging problem. Detecting lower quality lane markings is also extremely important in countries with harsh winters, such as Canada and the northern United States, as lane marking maintenance does not keep up with their rapid degradation. As such, drivers in these regions encounter extremely degraded lane markings with persistent regularity, and any autonomous driving solution deployed in these regions must also address this challenge.

Our research in the detection of low-quality lane markings focuses on using a Bayesian Maximum Likelihood Classification approach to select the most likely lane markings present in an image from a set of candidates selected using RANdom SAmple Consensus (RANSAC), with the Bayesian classifier trained using semi-supervised learning. Not only does this approach detect faded lane markings in challenging scenarios, but it also requires minimal human intervention in the training process.",WAVE Lab Waterloo,Autonomous Vehicle ,,,,
Motion Planning for Autonomous Driving,"Path planning is a well studied and critical component of any autonomous driving system.  The ability to adapt to different situations and generate smooth maneuvers in real-time is essential to maintain safe vehicle operation and ride comfort regardless of the current driving environment.  In particular, path planning methods that can accommodate both non-holonomic vehicle motion constraints and obstacle avoidance constraints as efficiently as possible are needed to enable a safety layer that can react quickly in dangerous situations.
In our research, path planning for autonomous vehicles is formulated as a constrained nonlinear parameter optimization problem with vehicle kinematic and obstacle avoidance constraints in the continuous space domain. Given a naive initial guess, our method is first able to generate a refined initial guess by solving a two point boundary value problem in free space. Then based on the refined initial guess, the method deforms the path according to the performance index while satisfying hard constraints. This approach produces a curvature-constrained, minimal jerk path that is collision-free between initial state and the final state.",WAVE Lab Waterloo,Autonomous Vehicle ,,,,
Informed Data Selection and Integrity Monitoring for Visual SLAM,"Informed Data Selection:
Visual navigation algorithms pose many difficult challenges which must be overcome in order to achieve mass deployment. State-of-the-art methods are susceptible to error when measurements are noisy or corrupted, and prone to failure when the camera undergoes degenerate motions. The visual navigation problem increases in difficulty when implemented on a micro aerial vehicle (MAV), as the low payload requires the use of computation platforms with limited processing power. Modern sensors, and especially cameras, are capable of streaming data with extremely high update rates, which pose processing challenges to the computationally constrained MAVs. To that end, the vehicle could be equipped with fewer sensors, or the data rate could be decreased to accommodate modest processing units, however, estimation accuracy degrades dramatically with fewer tracked features, and with low update rates. Ideally, the algorithm should be designed to evaluate the data streams, then actively configure the sensor cluster and select the measurements which contain the most valuable information for SLAM, allowing the MAV to complete its task efficiently. Informed data selection is especially important for cameras, as the image stream is generally very high bandwidth, and the image measurements, are especially prone to error.

Parity Space Outlier Rejection:
Camera egomotion estimation can become imprecise when outliers are present within the observed measurements. Typically, random sample consensus (RANSAC) approaches are used to perform outlier rejection, however the use of RANSAC can become computationally expensive for visual odometry, as the system state and feature reprojection error must be computed at every iteration. The parity space approach provides methodology to perform computationally efficient consistency checks for observations, without having to explicitly compute the system state. We have demonstrated two outlier based rejection techniques, Group Parity Outlier Rejection and Parity Initialized RANSAC which use the parity space approach to perform rapid outlier rejection. The proposed methods are applied to the LIBVISO2 visual odometry algorithm and are tested using the KITTI vision dataset. Experiments demonstrate the proposed approaches are able to compute solutions with increased accuracy and improved run-time when compared to RANSAC.

Entropy Based Keyframe Selection:
While many state-of-the-art visual SLAM algorithms use keyframes to help alleviate the computational requirements of performing online bundle adjustment, little consideration is taken for specific keyframe selection. In this work, we propose two entropy based methods which aim to insert keyframes that will directly improve the systemâ€™s ability to localize. The first approach inserts keyframes based on the cumulative point entropy reduction in the existing map, while the second approach uses the predicted point flow discrepancy to select keyframes which best initializes new features for the camera to track against in the future. We implement the proposed methods within the Multi-Camera Parallel Mapping and Tracking framework, and demonstrate the effectiveness of our methods using ground truth data collected using an indoor positioning system.",WAVE Lab Waterloo,Autonomous Vehicle ,,,,
Multi-Camera Parallel Tracking and Mapping in Snow-Laden Environments,"Multi-Camera Parallel Tracking and Mapping in Snow-Laden Environments:
Robot deployment in open snow-covered environments poses challenges to existing vision-based localization and mapping methods. Limited field of view and over-exposure in regions where snow is present leads to difficulty identifying and tracking features in the environment. The wide variation in scene depth and relative visual saliency of points on the horizon results in clustered features with poor depth estimates, as well as the failure of typical keyframe selection metrics to produce reliable bundle adjustment results. In this work, we propose the use of and two extensions to Multi-Camera Parallel Tracking and Mapping (MCPTAM) to improve localization performance in snow-laden environments. First, we define a snow segmentation method and snow-specific image filtering to enhance detectability of local features on the snow surface. Then, we define a feature entropy reduction metric for keyframe selection that leads to reduced map sizes while maintaining localization accuracy. Both refinements are demonstrated on a snow-laden outdoor dataset collected with a wide field-of-view, three camera cluster on a ground rover platform.",WAVE Lab Waterloo,Autonomous Vehicle ,,,,
Non-Overlapping Field of View Multicamera Cluster SLAM,"Multi-Camera Parallel Tracking and Mapping with Non-overlapping Fields of View:
A novel real-time pose estimation system is presented for solving the visual SLAM problem using a rigid set of central cameras arranged such that there is no overlap in their fields-of-view. A new parameterization for point feature position using a spherical coordinate update is formulated which isolates system parameters dependent on global scale, allowing the shape parameters of the system to converge despite the scale remaining uncertain. Furthermore, an initialization scheme is proposed from which the optimization will converge accurately using only the measurements from the cameras at the first time step. The algorithm is implemented and verified in experiments with a camera cluster constructed using multiple perspective cameras mounted on a multirotor aerial vehicle and augmented with tracking markers to collect high-precision ground-truth motion measurements from an optical indoor positioning system. The accuracy and performance of the proposed pose estimation system are confirmed for various motion profiles in both indoor and challenging outdoor environments, despite no overlap in the camera fields-of-view.
Degenerate Motions in Multicamera Cluster SLAM with Non-overlapping Fields of View:
This article presents an analysis of the relative motion and point feature model configurations leading to solution degeneracy when solving the Simultaneous Localization and Mapping (SLAM) system using multicamera clusters with non-overlapping fields-of-view. The SLAM optimization system seeks to minimize image space reprojection error and is formulated for a cluster containing any number of component cameras, observing any number of point features over two keyframes. The measurement Jacobian is transformed to expose a reduced-dimension representation such that the degeneracy of the system can be determined by the rank of a dense submatrix. A set of relative motions sufficient for degeneracy are identified for certain cluster configurations, independent of target model geometry. Furthermore, it is shown that increasing the number of cameras within the cluster and observing features across different cameras over the two keyframes reduces the size of the degenerate motion sets significantly.
Scale Recovery in Multicamera Cluster SLAM with Non-overlapping Fields of View
A relative pose and target model estimation framework using calibrated multicamera clusters is presented. It is able to accurately track up-to-date relative motion, including scale, between the camera cluster and the (free-moving) completely unknown target object or environment using only image measurements from a set of perspective cameras. The cameras within the cluster may be arranged in any configuration, even such that there is no spatial overlap in their fields-of-view.

An analysis of the set of degenerate motions for a cluster composed of three cameras is performed. It is shown that including the third camera eliminates many of the previously known ambiguities for two-camera clusters. The estimator performance and the degeneracy analysis conclusions are confirmed in experiment with ground truth data collected from an optical motion capture system for the proposed three-camera cluster against other camera configurations suggested in the literature.
Non-overlapping FOV Multi-Camera Parallel Mapping and Tracking (MCPTAM):
This thesis considers the Simultaneous Localization and Mapping (SLAM) problem using a set of perspective cameras arranged such that there is no overlap in their fields-of-view. With the known and fixed extrinsic calibration of each camera within the cluster, a novel real-time pose estimation system is presented that is able to accurately track the motion of a camera cluster relative to an unknown target object or environment and concurrently generate a model of the structure, using only image-space measurements.

A new parameterization for point feature position using a spherical coordinate update is presented which isolates system parameters dependent on global scale, allowing the shape parameters of the system to converge despite the scale parameters remaining uncertain. Furthermore, a flexible initialization scheme is proposed which allows the optimization to converge accurately using only the measurements from the cameras at the first time step.

An analysis is presented identifying the configurations of the cluster motions and target structure geometry for which the optimization solution becomes degenerate and the global scale is ambiguous. Results are presented that not only confirm the previously known critical motions for a two-camera cluster, but also provide a complete description of the degeneracies related to the point feature constellations.

The proposed algorithms are implemented and verified in experiments with a camera cluster constructed using multiple perspective cameras mounted on a quadrotor vehicle and augmented with tracking markers to collect high-precision ground-truth motion measurements from an optical indoor positioning system. The accuracy and performance of the proposed pose estimation system are confirmed for various motion profiles in both indoor and challenging outdoor environments.",WAVE Lab Waterloo,Autonomous Vehicle ,,,,
Modular Deep Recurrent Neural Network,"Summary
The main motivation for this project is to improve the model of dynamical systems, beyond the physics based models, by incorporating measurements of the model outputs/states in the modeling process. This method of modeling is called Grey-Box which employs a White-Box model (physics based model) in conjunction with a Black-Box model (purely based on data). In this project, the main area of focus is the Black-Box part. We want to study and devise Machine Learning methods that can learn very complex models of real mobile robots which are hard or expensive to model, for example, a quadrotor. The idea is that having an improved model which can predict the behaviour of the system over an appropriate amount of time in the future, the model can be employed in a Model Predictive Control (MPC) scheme. Since MPC is a computationally demanding control method, the improved model can compensate for the model inaccuracies, hence lets the MPC horizon recedes much more than a single step at each control attempt. This not only saves computational resources on a small platform (such as a quadrotor) but also provides a more accurate control performance and let the vehicle follow arbitrary complex trajectories.

MODERNN

Recurrent Neural Networks (RNNs) are dynamical models with powerful representational capabilities which makes them suitable for modeling dynamical systems. However, training RNNs is generally difficult [1]. One reason might be the vanishing/exploding gradient problem [2]. There is an increasing amount of interest in using RNNs in Natural Language Processing (NLP) and other temporal pattern recognition tasks. With the rapidly growing rate of advance in hardware, using Machine Learning methods in various engineering problems is becoming a trend. In this project, we would like to facilitate the usage of RNNs in modeling and control of systems with fast dynamics, such as those in mobile robotics.

A Modular Deep Recurrent Neural Network (or MODERNN) is a general form of a structurally deep RNN which benefits from a modular design that eases the process of employing various architectures while inhibits the user from re-deriving the cumbersome process of Gradient calculations. Introducing a structural depth increases the modeling capacity of a MODERNN [3].

We have shown that MDOERNN outperforms two widely used methods in modeling and control of dynamical systems, namely Non-linear AutoRegressive eXogenous model (NARX) and Recurrent MultiLayer Perceptron (RMLP) in modeling the altitude of a simulated quadrotor. In [4] we have shown that MODERNN can be model a full-nonlinear dynamic model of a simulated quadrotor with no prior knowledge. The validity of the model prediction over more 5 seconds is illustrated.",WAVE Lab Waterloo,Autonomous Vehicle ,,,,
NASA Sample Return Robot Challenge 2012-2014,"This works presents algorithmic advances and field trial results for autonomous sample return, based on our entry in the 2012 NASA Sample Return Robotic Challenge. The challenge requires finding, collecting and storing pre-defined samples of different colors, shapes and sizes in an 80,000 m2 area in under two hours, without relying on GPS or magnetometer data and with a weight limit of 80 kg for the vehicle. We propose a system level solution to the sample return problem, and makes specific contributions in terms of mapping, planning and sample detection strategies that run in real-time on our custom platform. Field tests demonstrate reliable performance for each of these three main components of the system individually, and high-fidelity simulation based on recorded data playback demonstrates the viability of the complete solution.",WAVE Lab Waterloo,Autonomous Vehicle ,,,,
Scan Registration using NDT and Point Cloud Clustering,"The Normal Distributions Transform (NDT) algorithm is a promising method for scan registration, however many issues with the NDT approach exist, including a poor convergence basin, discontinuities in the NDT cost function, and unreliable pose estimation in sparse, outdoor environments. This research propses methods to overcome the shortcomings of the NDT algorithm, in both 2D and 3D scenarios. To improve the convergence basin of NDT for 2D scan registration, the Multi-Scale k-Means NDT (MSKM-NDT) algorithm is proposed, which divides a 2D point cloud using k-means clustering and performs the scan registration optimization over multiple scales of clustering. The k-means clustering approach generates fewer Gaussian distributions when compared to the standard NDT algorithm, allowing for evaluation of the cost function across all Gaussian clusters, which guarantees convergence of the algorithm. As k-means clustering does not scale well to 3D, the Segmented Greedy Cluster NDT (SGC-NDT) method is proposed as an alternative approach to improve and guarantee convergence using 3D point clouds that contain points corresponding to the ground of the environment. The SGC-NDT algorithm segments the ground points using a Gaussian Process (GP) regression model and performs clustering of the non ground points using a greedy method. A region-growing clustering algorithm extracts natural features in the environment and generates Gaussian clusters to be used within the NDT framework for scan registration.",WAVE Lab Waterloo,Autonomous Vehicle ,,,,
Transverse Feedback Control for Path Following with Quadrotors,"This work presents a path following controller for a quadrotor vehicle. A smooth, dynamic, feedback controller is designed that allows the quadrotor to follow both closed and non-closed embedded curves while maintaining a desired speed, a desired acceleration or while stabilizing desired points along the curves. The nonlinear dynamic model of the quadrotor is transformed into a linear system via a coordinate and feedback linearization transformation. Once transformed, a path following controller is designed that guarantees invariance of the path while enforcing the desired motion along the path.adeel_0

A path following controller for a quadrotor helicopter is designed using the concepts of transverse feedback linearization and dynamic extension. This methods allows us to achieve the property of path invariance. The quadrotor can track a speed profile along the path or asymptotically approach particular points on the path. Simulation results demonstrate the capabilities of the path following controller under mild modeling errors. We hope to implement the controller on a quadrotor platform as part of future work.",WAVE Lab Waterloo,Autonomous Vehicle ,,,,
WATonoBus Waterloo,"8-passenger electric commercial bus . WATonoBus is a project to make autonomous vehicles safe and reliable for urban driving in any weather condition. The University of Waterloo's Ring Road is a 2.7km curvy road with many intersections that represents an urban driving environment with pedestrians, cyclists, and vehicles. 

Three fully equipped WATonoBus with Vehicle to Vehicle (V2V) and Vehicle to Infrastructure (V2I) connectivity are used in a cross-disciplinary research for enabling Level 4-5 automated driving.",WATONOBUS Waterloo,Autonomous Vehicle ,,,,